<?xml version="1.0" encoding="UTF-8"?>
<project-private xmlns="http://www.netbeans.org/ns/project-private/1">
    <editor-bookmarks xmlns="http://www.netbeans.org/ns/editor-bookmarks/2" lastBookmarkId="0"/>
    <open-files xmlns="http://www.netbeans.org/ns/projectui-open-files/2">
        <group>
            <file>file:/C:/Users/zhuof/Data/AAA%20study%20related/2019%20winter/Solar/LED_flash.X/main.c</file>
            <file>file:/C:/Users/zhuof/Data/AAA%20study%20related/2019%20winter/Solar/LED_flash.X/mcc_generated_files/mcc.c</file>
            <file>file:/C:/Users/zhuof/Data/AAA%20study%20related/2019%20winter/Solar/LED_flash.X/mcc_generated_files/pin_manager.c</file>
            <file>file:/C:/Users/zhuof/Data/AAA%20study%20related/2019%20winter/Solar/LED_flash.X/mcc_generated_files/tmr1.c</file>
            <file>file:/C:/Users/zhuof/Data/AAA%20study%20related/2019%20winter/Solar/LED_flash.X/mcc_generated_files/ccp2.h</file>
            <file>file:/C:/Users/zhuof/Data/AAA%20study%20related/2019%20winter/Solar/LED_flash.X/mcc_generated_files/device_config.c</file>
            <file>file:/C:/Users/zhuof/Data/AAA%20study%20related/2019%20winter/Solar/LED_flash.X/mcc_generated_files/interrupt_manager.c</file>
            <file>file:/C:/Users/zhuof/Data/AAA%20study%20related/2019%20winter/Solar/LED_flash.X/mcc_generated_files/interrupt_manager.h</file>
            <file>file:/C:/Users/zhuof/Data/AAA%20study%20related/2019%20winter/Solar/LED_flash.X/mcc_generated_files/ccp2.c</file>
        </group>
    </open-files>
</project-private>
